chrom,start,stop,65265,66196,66786,67337
1,30365,30503,0.0,0.0,0.0,0.0
1,1102483,1102578,1011.6376049999983,631.5906450000008,880.1189330000005,361.33969999999823
1,1103242,1103332,1319.8928310000028,886.1089039999962,940.798906,577.4779399999978
1,1104384,1104467,109.72161500000009,113.81626399999988,103.98576699999994,85.29928899999994
1,3044538,3044599,0.0,0.0,0.0,0.0
1,3477258,3477354,0.21556300000000003,0.2240480000000006,1.2965810000000029,0.5254580000000003
1,6489893,6489956,0.0,0.0,0.0,0.0
1,9211726,9211836,149.3852249999994,231.44133999999985,107.61619200000001,88.10172999999993
1,10287775,10287861,0.0,0.0,0.0,0.0
1,17185443,17185516,0.0,0.0,0.0,0.0
1,19223564,19223642,0.0,0.0,0.0,0.0
1,21314806,21314925,0.0,0.0,0.0,0.0
1,23189651,23189719,0.0,0.0,0.0,0.0
1,23370797,23370865,0.0,0.0,0.0,0.0
1,26232852,26232945,1.7245049999999982,1.3442870000000027,2.0745289999999996,1.5763729999999938
1,26881032,26881084,16.38279499999999,12.098578999999978,13.743754999999975,7.181254000000022
1,32224260,32224336,0.0,0.0,0.0,0.17515300000000095
1,33797993,33798093,2.155631000000008,2.016430000000009,1.5558969999999954,0.5254580000000003
1,35135199,35135295,0.21556300000000003,0.0,0.0,0.17515300000000095
1,37627163,37627235,0.0,0.0,0.0,0.0
1,38554902,38555001,0.0,0.0,1.0372649999999988,0.875763000000004
1,41220026,41220118,9265.54851199997,7910.45438200002,15297.57692399997,8674.780082999974
1,41222955,41223044,0.8622520000000001,0.8961909999999984,4.667689999999994,1.4012200000000015
1,52302015,52302074,0.0,0.0,0.0,0.0
1,62544457,62544531,0.0,0.0,0.0,0.0
1,62544460,62544528,0.0,0.0,0.0,0.17515300000000095
1,65523437,65523525,0.0,0.0,0.0,0.0
1,65524116,65524191,9663.693548999974,3217.54992999999,6521.800577000011,5129.51742499999
1,67094122,67094200,1.2933789999999956,1.7923819999999968,0.25931599999999894,11.38491500000005
1,68649200,68649293,0.8622520000000001,0.8961909999999984,0.7779479999999983,2.276982999999987
1,71533313,71533399,264.4959180000004,273.3382710000004,342.29728700000084,297.75932599999953
1,94312387,94312467,0.21556300000000003,0.672143000000002,1.2965810000000029,8.407322000000018
1,98511625,98511727,1.0778149999999966,12.098578999999978,0.0,3.3278980000000042
1,100746796,100746864,0.0,0.0,0.0,0.0
1,110141514,110141589,369.4751449999986,285.8849459999989,635.5838260000015,453.1196329999986
1,113004391,113004455,0.0,0.0,0.0,0.0
1,117214370,117214449,0.0,0.0,0.0,0.0
1,117637264,117637350,10.347029000000017,8.96191100000003,18.930076999999986,9.633389999999975
1,142667288,142667363,0.0,0.0,0.0,0.0
1,143163749,143163822,0.0,0.0,0.0,0.0
1,143424140,143424215,0.0,0.0,0.0,0.0
1,150524404,150524490,0.0,0.0,0.0,0.0
1,151518271,151518367,0.0,0.0,0.0,0.0
1,154166140,154166219,0.21556300000000003,0.8961909999999984,1.2965810000000029,0.5254580000000003
1,154948168,154948259,0.0,0.0,0.0,0.0
1,155164967,155165063,81.26728700000014,56.46003600000022,44.86168999999991,85.64959400000008
1,155316140,155316236,0.0,0.0,0.0,0.17515300000000095
1,156390132,156390221,269.02274300000073,493.1291269999981,8228.619320999998,1586.0062930000079
1,156905922,156906036,0.0,0.4480960000000012,0.0,0.0
1,159869768,159869869,0.0,0.0,0.0,0.0
1,162312335,162312430,0.43112600000000006,0.672143000000002,0.0,0.0
1,165877157,165877213,0.0,0.0,0.0,0.0
1,166123979,166124035,0.0,0.0,0.0,0.0
1,167967897,167967964,0.0,0.0,0.0,0.0
1,168344761,168344859,0.0,0.0,0.0,0.0
1,170120518,170120603,0.0,0.0,0.0,0.0
1,172107937,172108047,10.562591999999997,67.21432900000022,6.7422189999999835,44.839051000000104
1,172107947,172108028,0.0,0.0,0.0,0.0
1,172113674,172113784,1243.5834949999992,3545.779903999996,384.5658150000012,2857.088310000011
1,176998498,176998581,0.0,0.0,0.0,0.17515300000000095
1,180407448,180407525,0.0,0.0,0.25931599999999894,0.0
1,193105632,193105713,0.0,0.0,0.0,0.0
1,198828001,198828111,538.907737000001,609.6339639999975,97.24354699999998,313.1727499999992
1,198828172,198828282,2437.156352000005,2485.8099350000102,468.3249240000004,1792.1608380000068
1,201777738,201777830,0.0,0.0,0.0,0.0
1,205417429,205417526,92.47656800000003,54.219558999999926,181.78060499999995,22.594678000000037
1,207975196,207975284,2376.367558999995,820.0148139999972,657.885011999999,581.6816010000011
1,207975787,207975868,454.4070039999995,420.08955600000036,159.99804999999938,152.03240899999966
1,209605477,209605587,14092.437334999959,23546.07564700011,69160.64815500005,6145.927641999991
1,209796788,209796855,0.0,0.0,0.0,0.0
1,212250954,212251027,0.0,0.0,0.0,0.0
1,220291194,220291304,1.5089419999999962,0.8961909999999984,3.111793999999991,2.9775929999999966
1,220291498,220291583,73.93814200000028,46.37788699999988,43.824424999999856,84.59867900000006
1,224444705,224444843,3.4490099999999964,4.705003000000008,23.857084000000103,7.181254000000022
1,228284963,228285042,0.0,0.2240480000000006,0.0,0.0
1,231155573,231155670,0.0,0.0,0.0,0.0
1,236016299,236016360,0.6466889999999984,0.4480960000000012,0.5186319999999979,0.7006100000000007
1,241295571,241295646,0.0,0.0,0.0,0.0
1,247365268,247365362,0.0,0.0,0.0,0.0
1,249120575,249120642,0.21556300000000003,0.0,0.0,0.0
2,10332739,10332797,0.0,0.0,0.0,0.0
2,11907569,11907651,1.0778149999999966,0.0,0.0,0.0
2,11977058,11977112,0.0,0.0,0.0,0.0
2,12339255,12339327,0.0,0.0,0.0,0.0
2,12877492,12877570,0.0,0.0,0.0,0.0
2,25551508,25551590,5.173513999999986,7.841672000000013,2.333844999999997,14.012204000000073
2,28219233,28219316,0.0,0.0,0.0,0.0
2,32757219,32757313,0.0,0.0,0.0,0.0
2,47604813,47604909,0.0,0.0,0.0,0.0
2,54076258,54076342,0.43112600000000006,0.672143000000002,1.2965810000000029,0.7006100000000007
2,56210101,56210211,44.837123999999875,28.678114000000008,0.25931599999999894,14.537660999999959
2,56216084,56216194,0.6466889999999984,0.0,0.0,0.17515300000000095
2,56227848,56227930,0.21556300000000003,0.0,0.5186319999999979,0.17515300000000095
2,69330813,69330887,0.43112600000000006,0.0,0.5186319999999979,0.35030500000000037
2,70480049,70480137,0.0,0.0,0.0,0.0
2,79876419,79876485,0.0,0.0,0.0,0.0
2,97464014,97464090,2.155631000000008,5.601193999999985,0.7779479999999983,6.65579699999997
2,109757945,109758044,0.0,0.0,0.0,0.0
2,109930026,109930081,0.0,0.0,0.0,0.0
2,110827537,110827619,0.0,0.0,0.0,0.0
2,114340535,114340673,0.0,0.0,0.0,0.0
2,133014538,133014653,0.0,0.0,0.0,0.0
2,134884695,134884763,0.0,0.2240480000000006,0.0,0.35030500000000037
2,136422966,136423048,59.92654000000021,70.57504499999973,45.898954000000174,206.85515499999954
2,176032360,176032437,0.0,0.0,0.0,0.0
2,177015030,177015140,23719.916284000028,41788.94073399995,22162.45273600004,8604.54391200002
2,177465707,177465780,0.0,0.0,0.0,0.0
2,178120672,178120738,0.0,0.0,0.0,0.0
2,180725562,180725635,0.43112600000000006,0.4480960000000012,1.2965810000000029,0.0
2,189162218,189162315,0.21556300000000003,0.2240480000000006,0.0,0.5254580000000003
2,189860355,189860418,0.0,0.2240480000000006,0.0,0.0
2,189997761,189997837,0.21556300000000003,0.672143000000002,0.5186319999999979,1.5763729999999938
2,207647957,207648032,1.1855970000000011,0.7841669999999973,0.7779484999999977,0.437881500000002
2,207974710,207974797,137.96038100000047,188.2001210000008,62.754503000000106,61.30339099999988
2,208133998,208134148,0.0,0.0,0.0,0.0
2,213290986,213291084,0.0,0.0,0.0,0.0
2,219267368,219267445,632.4621210000007,884.3165219999992,1454.2448359999985,410.5575649999995
2,219866366,219866430,3268.7987720000065,270.8737459999994,202.00726199999937,36.25657700000009
2,219923409,219923472,0.0,0.0,0.0,0.5254580000000003
2,220158832,220158922,1.0778149999999966,0.672143000000002,0.25931599999999894,1.5763729999999938
2,220413794,220413869,0.0,0.0,0.0,0.17515300000000095
2,220771222,220771286,0.0,0.0,0.0,0.0
2,232578023,232578108,0.0,0.0,0.0,0.0
2,232756951,232757008,0.0,0.0,0.0,0.0
2,233037362,233037457,0.0,0.0,0.0,0.0
2,240227156,240227240,0.0,0.0,0.0,0.0
2,241395417,241395506,45.483812999999884,111.7998340000001,53.678438000000035,372.7246149999993
2,242417319,242417397,0.0,0.2240480000000006,0.0,0.0
3,10371912,10371969,0.0,0.0,0.0,0.0
3,10436172,10436246,0.43112600000000006,0.2240480000000006,0.25931599999999894,0.0
3,15537745,15537815,0.0,0.0,0.0,0.0
3,15738804,15738878,0.0,0.0,0.0,0.0
3,15915277,15915356,0.0,0.0,0.0,0.0
3,16974687,16974752,0.0,0.0,0.0,0.0
3,31203195,31203279,0.0,0.2240480000000006,0.0,0.0
3,35785967,35786051,42.68149300000004,38.088120000000096,30.599302999999967,144.3256970000002
3,38010894,38010971,0.8622520000000001,2.240477999999997,1.8152129999999953,2.1018310000000033
3,44155703,44155802,1.0778149999999966,1.5683339999999946,0.5186319999999979,0.7006100000000007
3,44903379,44903473,0.0,0.0,0.0,0.0
3,47891044,47891119,1.0778149999999966,0.4480960000000012,1.0372649999999988,0.875763000000004
3,48357849,48357949,1.7245049999999982,0.672143000000002,0.5186319999999979,0.17515300000000095
3,48616334,48616410,0.0,0.0,0.0,0.0
3,49057580,49057667,291.872431000001,271.0977940000007,519.410201000001,212.1097319999995
3,49058050,49058142,421.6414139999992,532.561533999998,1086.0159369999974,301.4375290000011
3,49311552,49311619,0.0,0.0,0.0,0.0
3,50210758,50210852,0.0,0.0,0.0,0.0
3,52302293,52302377,454.19144100000136,399.4771620000006,931.7228419999994,349.60447900000105
3,52328234,52328324,0.6466889999999984,0.0,0.25931599999999894,0.35030500000000037
3,55886519,55886622,0.0,0.0,0.0,0.0
3,67275887,67275951,0.0,0.0,0.0,0.0
3,69098108,69098186,0.6466889999999984,0.0,0.0,0.35030500000000037
3,71591120,71591240,0.0,0.0,0.0,0.17515300000000095
3,75679913,75680009,0.0,0.0,0.0,0.0
3,75787430,75787514,0.0,0.0,0.0,0.0
3,79557036,79557119,0.0,0.0,0.0,0.0
3,99683157,99683242,0.0,0.0,0.0,0.17515300000000095
3,111831647,111831745,0.0,0.0,0.0,0.0
3,114035321,114035416,0.0,0.0,0.0,0.0
3,120114514,120114576,0.0,0.0,0.0,0.0
3,124451285,124451363,0.0,0.0,0.0,0.0
3,125509246,125509395,0.0,0.0,0.0,0.0
3,159000434,159000523,0.0,0.0,0.0,0.0
3,160122375,160122473,247.89755899999997,569.3053669999981,920.0536159999997,305.1157329999991
3,160122532,160122613,15.304979999999933,29.574305000000074,33.192463999999994,9.107931999999948
3,163889258,163889344,0.0,0.0,0.0,0.0
3,168269641,168269737,1.0778149999999966,0.2240480000000006,0.7779479999999983,11.034610000000004
3,170824452,170824548,0.0,0.0,0.0,0.0
3,183959192,183959277,0.43112600000000006,0.0,0.0,0.5254580000000003
3,186504460,186504566,4.095699,2.240477999999997,2.593161000000006,0.5254580000000003
3,188406568,188406654,3966.145385000002,4018.968779999996,4144.390330999984,3500.4236060000158
3,189547710,189547798,296.61481900000035,152.57652700000025,553.3806139999989,143.6250870000003
3,194855234,194855309,0.21556300000000003,0.0,0.0,0.0
3,195426271,195426368,0.8622520000000001,0.4480960000000012,1.8152129999999953,0.35030500000000037
3,197401366,197401447,0.0,0.0,0.0,0.0
4,343945,344041,0.0,0.0,0.0,0.0
4,1988110,1988204,0.21556300000000003,0.2240480000000006,0.0,0.0
4,7461754,7461845,0.0,0.0,0.0,0.0
4,8007027,8007108,4.526825000000001,9.634054000000042,1.5558969999999954,3.1527459999999876
4,9557788,9557937,0.0,0.0,0.0,0.0
4,10080234,10080316,0.0,0.2240480000000006,0.0,0.17515300000000095
4,11370450,11370545,0.21556300000000003,0.0,0.0,0.0
4,20529897,20530007,1.0778149999999966,0.672143000000002,0.0,0.35030500000000037
4,24521814,24521913,0.8622520000000001,0.8961909999999984,0.0,0.0
4,28821203,28821290,0.0,0.0,0.0,0.0
4,36427987,36428050,0.0,0.0,0.0,0.0
4,38869652,38869748,88.59643200000018,106.42268799999998,73.6457800000002,82.84715399999955
4,83674489,83674583,0.0,0.0,0.0,0.0
4,99918537,99918611,0.6466889999999984,0.0,0.7779479999999983,0.5254580000000003
4,102251458,102251571,0.21556300000000003,0.0,0.0,0.0
4,110409853,110409951,18.322862999999987,14.787152000000008,13.743754999999975,22.769830999999957
4,111781737,111781803,0.0,0.0,0.0,0.0
4,113569029,113569097,0.0,0.0,0.0,0.0
4,113569159,113569227,0.0,0.0,0.0,0.0
4,113569338,113569407,0.0,0.0,0.0,0.0
4,113569518,113569586,0.0,0.0,0.0,0.0
4,113569640,113569713,0.0,0.0,0.0,0.0
4,114028018,114028111,0.0,0.2240480000000006,0.0,0.17515300000000095
4,115577914,115578010,2.3711940000000022,0.4480960000000012,0.0,1.751525000000001
4,117220880,117220924,0.0,0.0,0.0,0.0
4,126428413,126428462,0.0,0.0,0.0,0.0
4,144264612,144264688,0.0,0.0,0.0,0.35030500000000037
4,148265780,148265869,0.0,0.0,0.0,0.0
4,153410478,153410568,0.21556300000000003,0.2240480000000006,0.0,0.35030500000000037
4,166307393,166307489,0.0,0.0,0.0,0.0
4,174189310,174189384,0.0,0.0,0.0,0.0
4,175344945,175345015,0.0,0.0,0.0,0.0
4,183090445,183090531,1.0778149999999966,0.672143000000002,0.0,5.25457600000002
4,185772166,185772264,0.0,0.0,0.0,0.17515300000000095
5,1708899,1708983,0.0,0.0,0.0,0.0
5,6827965,6828034,0.0,0.0,0.0,0.0
5,15935290,15935369,2.3711940000000022,6.7214330000000055,1.2965810000000029,10.684305000000029
5,31936207,31936265,0.0,0.0,0.0,0.0
5,32394483,32394581,0.8622520000000001,1.1202389999999984,0.25931599999999894,0.7006100000000007
5,36147993,36148090,1.5089419999999962,0.8961909999999984,0.5186319999999979,1.2260679999999984
5,38557603,38557663,0.0,0.0,0.0,0.0
5,53247333,53247429,0.0,0.4480960000000012,0.0,3.8533559999999896
5,54466359,54466450,0.21556300000000003,0.0,0.25931599999999894,0.875763000000004
5,54466473,54466570,0.0,0.0,0.0,0.17515300000000095
5,54468089,54468181,0.0,0.0,0.0,0.0
5,58999431,58999529,256.088957,649.5144659999971,162.33189499999955,183.0344089999999
5,85916313,85916392,46.56162899999987,17.475726000000012,33.711096,7.706711999999979
5,86410695,86410771,0.0,0.0,0.0,0.0
5,87962670,87962757,284.3277220000012,514.413665,8174.162933999986,1573.5704619999956
5,89312437,89312537,0.0,0.0,0.0,0.0
5,92956401,92956494,0.43112600000000006,0.8961909999999984,0.0,2.1018310000000033
5,95414841,95414916,0.0,0.0,0.0,0.0
5,100152185,100152269,0.0,0.0,0.0,0.0
5,109849529,109849616,0.0,0.0,0.0,0.0
5,131701181,131701291,0.0,0.0,0.0,0.17515300000000095
5,132763287,132763398,0.0,0.0,0.0,0.0
5,133561447,133561543,0.0,0.0,0.0,0.0
5,136983260,136983338,30.178832999999962,28.23001800000011,8.298115999999998,54.29728900000008
5,140027428,140027511,0.21556300000000003,0.0,0.0,0.0
5,148441875,148441972,205.43162999999936,149.88795400000055,131.73259200000024,104.21576400000025
5,148808480,148808586,34268.71190099986,31794.394055999895,27947.017566000086,57588.40518200013
5,148810208,148810296,1297.4742689999987,1485.4366710000018,455.359117999999,1098.7319129999976
5,153726665,153726807,0.0,0.0,0.25931599999999894,0.0
5,153975571,153975632,0.0,0.0,0.0,0.0
5,154065335,154065421,0.0,0.0,0.0,0.0
5,159901408,159901490,0.0,0.0,0.0,0.0
5,159912358,159912457,407.4142500000012,269.9775549999996,107.09755999999992,47.991797000000034
5,168195150,168195260,26.083134,31.590735000000013,3.111793999999991,109.47033999999987
5,168690604,168690698,0.21556300000000003,0.672143000000002,0.0,3.678203000000018
5,170813659,170813764,0.6466889999999984,0.672143000000002,0.0,1.2260679999999984
5,175794948,175795034,2.586756999999993,1.7923819999999968,2.0745289999999996,4.904271000000002
5,176056439,176056501,0.0,0.0,0.0,0.0
5,179225277,179225346,0.43112600000000006,0.672143000000002,1.2965810000000029,0.17515300000000095
5,179442302,179442397,30.609959,24.86930200000004,12.965805999999988,31.35230599999984
6,5148466,5148556,0.43112600000000006,0.2240480000000006,0.0,0.7006100000000007
6,18572014,18572111,0.0,0.0,0.0,0.0
6,27115404,27115467,0.0,0.2240480000000006,0.5186319999999979,0.17515300000000095
6,30552108,30552194,2.586756999999993,2.4645249999999934,2.0745289999999996,3.1527459999999876
6,31924615,31924717,0.0,0.0,0.0,0.17515300000000095
6,33665904,33666011,6.46689300000002,5.377146000000015,2.852477000000008,7.181254000000022
6,33967748,33967828,0.21556300000000003,0.2240480000000006,0.0,0.0
6,36590212,36590289,0.0,0.0,0.0,0.17515300000000095
6,45165410,45165507,0.0,0.0,0.0,0.0
6,52009146,52009232,6.682456,3.1366689999999933,19.189393000000074,1251.4649320000003
6,52013720,52013839,0.0,0.4480960000000012,0.7779479999999983,15.763728999999914
6,57254929,57255010,0.0,0.0,0.0,0.0
6,72086662,72086734,690.4485929999976,917.9236870000016,974.5100030000024,432.45163300000047
6,72113253,72113324,15723.818837999983,11240.47628999996,2756.0117910000104,5667.410890000014
6,73677409,73677476,0.0,0.0,0.0,0.0
6,98472406,98472497,0.0,0.0,0.0,0.35030500000000037
6,107231999,107232095,0.0,0.0,0.0,0.0
6,119390211,119390308,0.43112600000000006,0.0,1.0372649999999988,0.0
6,120336324,120336403,0.0,0.0,0.0,0.35030500000000037
6,126805776,126805859,0.0,0.0,0.5186319999999979,0.35030500000000037
6,135300475,135300570,3.4490099999999964,4.256907999999989,0.25931599999999894,0.17515300000000095
6,135560297,135560394,0.0,0.0,0.0,0.0
6,138756349,138756431,0.0,0.4480960000000012,0.25931599999999894,0.0
6,140526388,140526463,0.0,0.0,0.0,0.0
6,155174493,155174570,0.0,0.0,0.0,0.0
6,156267930,156268013,0.0,0.0,0.0,0.0
6,157950163,157950232,0.0,0.0,0.0,0.0
6,159185692,159185785,0.21556300000000003,0.0,0.0,0.17515300000000095
6,166922841,166922921,0.0,0.0,0.0,0.17515300000000095
6,167411294,167411400,0.0,0.0,0.0,0.17515300000000095
7,1062568,1062662,55.83084200000003,92.0836309999999,48.49211600000012,64.98159400000029
7,5535449,5535548,62.297733999999906,99.02911099999987,32.15520000000008,99.66179799999999
7,7106594,7106676,0.0,0.0,0.0,0.0
7,18166842,18166932,0.0,0.0,0.0,0.0
7,19744980,19745059,0.0,0.0,0.0,0.17515300000000095
7,21510675,21510764,0.0,0.0,0.0,0.0
7,25989538,25989606,48841.20824799986,17281.25208600004,30086.116291999908,15895.794044000064
7,27209098,27209182,54.753026000000155,161.98653299999955,414.3871700000014,248.19115600000063
7,30329409,30329506,1.4011600000000028,1.4563104999999994,3.5007675000000043,1.0509155000000017
7,32772592,32772689,0.10778150000000002,0.6721435000000013,2.333844999999997,0.35030500000000037
7,34980371,34980446,0.21556300000000003,0.0,0.0,0.35030500000000037
7,36958961,36959037,0.0,0.0,0.0,0.0
7,43190493,43190593,0.0,0.672143000000002,0.0,0.35030500000000037
7,57023491,57023571,0.0,0.0,0.0,0.0
7,57472730,57472796,0.0,0.0,0.0,0.17515300000000095
7,63081467,63081547,0.0,0.0,0.0,0.0
7,70772657,70772756,0.0,0.0,0.0,0.0
7,70772659,70772754,0.0,0.0,0.0,0.0
7,73125646,73125727,0.21556300000000003,0.0,0.0,0.0
7,73605527,73605624,19.616242000000046,25.3173969999999,33.45178000000006,24.34620400000006
7,91833328,91833412,0.0,0.0,0.0,0.0
7,93112071,93112167,2.8023200000000057,4.480954999999995,0.25931599999999894,2.9775929999999966
7,93113247,93113331,0.21556300000000003,0.672143000000002,0.0,0.0
7,95848973,95849068,0.0,0.0,0.0,0.0
7,98479272,98479352,0.0,0.672143000000002,0.25931599999999894,0.875763000000004
7,99691182,99691266,7820.844649000005,8970.200302999989,10852.379886999972,18134.068413999954
7,99691390,99691470,8200.235697000033,8400.670888999963,8031.539064999986,20107.862439999957
7,99691615,99691697,572.751143000001,429.05146699999875,1006.6652020000016,1613.8555470000085
7,101936368,101936453,0.0,0.0,0.0,0.0
7,102046188,102046302,0.43112600000000006,0.0,0.0,0.35030500000000037
7,114293399,114293510,0.0,0.0,0.0,0.0
7,126698141,126698238,0.8622520000000001,0.4480960000000012,5.44563900000002,1.9266779999999948
7,127721912,127722012,0.0,0.0,0.0,0.0
7,127847924,127847996,0.21556300000000003,0.0,0.0,2.9775929999999966
7,129410222,129410332,11624.455461000034,27185.05941999991,43019.50809300014,22822.026273000047
7,129414531,129414609,12.50266000000005,24.64525400000002,47.195534999999886,49.74332300000007
7,129414744,129414854,3774.509792999994,7988.871099000018,16737.04074099999,14974.84196399994
7,130135951,130136045,34.49009500000009,32.48692599999989,79.86936699999976,229.44983399999927
7,130561505,130561569,6693.0185360000205,6424.345568000003,4627.236957999995,3292.692688000006
7,130562217,130562298,430.9106269999994,430.84384899999856,167.7775340000005,160.0894259999994
7,132719619,132719675,0.0,0.0,0.0,0.0
7,136587913,136588041,0.0,0.0,0.0,0.17515300000000095
7,147075108,147075213,0.0,0.0,0.0,0.0
7,150935506,150935624,14.873853999999973,22.852871999999966,7.0015350000000085,9.98369499999995
7,151130574,151130725,0.0,0.0,0.0,0.0
7,157367027,157367114,9.700338999999987,5.601193999999985,6.7422189999999835,11.034610000000004
7,158325409,158325505,0.0,0.0,0.0,0.0
8,1749290,1749358,0.0,0.0,0.0,0.0
8,1765396,1765473,0.0,0.0,0.0,0.0
8,7946462,7946611,0.0,0.0,0.0,0.0
8,9599181,9599278,0.0,0.0,0.0,0.17515300000000095
8,9760897,9760982,0.0,0.0,0.0,0.0
8,10524487,10524580,0.0,0.0,0.0,0.17515300000000095
8,10682882,10682953,0.0,0.0,0.0,0.0
8,10892715,10892812,17.891736999999953,8.065718999999964,26.96887699999995,43.26267900000006
8,12584740,12584813,0.21556300000000003,0.8961909999999984,0.0,0.5254580000000003
8,12584745,12584808,0.0,0.0,0.0,0.5254580000000003
8,14710946,14711019,0.0,0.0,0.0,0.35030500000000037
8,17539086,17539166,0.8622520000000001,0.672143000000002,1.2965810000000029,0.7006100000000007
8,22102474,22102556,405.25861900000007,603.5846750000014,1939.4253090000072,469.75912499999794
8,26906369,26906480,0.0,0.0,0.0,0.0
8,27559189,27559284,0.0,0.0,0.0,0.0
8,27559193,27559276,0.0,0.2240480000000006,0.0,0.0
8,27743555,27743633,0.0,0.0,0.0,0.0
8,28362632,28362699,0.0,0.0,0.0,0.0
8,29814787,29814864,0.0,0.0,0.0,0.0
8,41517958,41518026,131.27792499999978,131.2919890000002,471.95534999999944,28.02440699999994
8,65291705,65291814,0.0,0.0,0.0,0.17515300000000095
8,75617927,75617982,0.0,0.0,0.0,0.0
8,77879003,77879086,0.0,0.0,0.0,0.0
8,96085138,96085224,1.2933789999999956,0.672143000000002,0.7779479999999983,0.5254580000000003
8,100548863,100548958,0.0,0.0,0.0,0.0
8,100549013,100549089,0.0,0.0,0.0,0.0
8,104166841,104166917,0.0,0.0,0.0,0.0
8,105496596,105496693,0.21556300000000003,0.0,0.25931599999999894,0.17515300000000095
8,113655721,113655812,0.0,0.0,0.0,0.0
8,117886966,117887039,0.8622520000000001,0.2240480000000006,0.25931599999999894,1.2260679999999984
8,124360273,124360370,0.10778150000000002,0.1120240000000003,0.0,0.0
8,128808207,128808274,0.0,0.0,0.0,0.0
8,128972878,128972941,0.0,0.0,0.0,0.0
8,129021143,129021202,0.0,0.0,0.0,0.0
8,129061397,129061484,0.0,0.0,0.0,0.0
8,129162361,129162434,0.0,0.0,0.0,0.0
8,130496302,130496388,0.0,0.0,0.0,0.0
8,130508087,130508189,0.0,0.0,0.0,0.0
8,130509593,130509674,0.0,0.0,0.0,0.0
8,135812762,135812850,360.42149500000073,589.2456180000007,592.5373490000013,372.7246149999993
8,135817118,135817188,5760.277023999982,4466.392162999988,8394.581640999999,6345.951848000033
8,142867602,142867674,0.0,0.0,0.0,0.0
8,144895126,144895212,2.586756999999993,1.7923819999999968,1.0372649999999988,1.2260679999999984
8,145019358,145019447,0.0,0.0,0.0,0.0
8,145619363,145619445,1.0778149999999966,1.1202389999999984,0.7779479999999983,0.5254580000000003
8,145625475,145625559,0.21556300000000003,0.2240480000000006,0.0,0.35030500000000037
9,30143,30281,0.0,0.0,0.0,0.0
9,4850296,4850375,57.55534599999995,48.17026900000014,49.270064000000104,33.45413600000009
9,18573303,18573377,0.0,0.2240480000000006,0.0,0.17515300000000095
9,20716103,20716187,2.155631000000008,2.016430000000009,3.8897419999999965,2.62728800000001
9,21512113,21512184,256.088957,218.44656899999976,486.4770529999996,87.40112000000006
9,28863623,28863704,0.0,0.0,0.0,0.5254580000000003
9,28888876,28888953,0.0,0.0,0.0,3.8533559999999896
9,69002238,69002321,0.0,0.0,0.0,0.0
9,73424890,73425000,0.21556300000000003,1.7923819999999968,0.0,1.5763729999999938
9,86584662,86584772,31.47221199999996,29.350257000000045,29.821355000000036,14.887965999999917
9,91360750,91360820,0.0,0.0,0.0,0.0
9,91927139,91927221,0.0,0.0,0.0,0.0
9,92785722,92785817,0.0,0.0,0.0,0.0
9,94398532,94398643,0.0,0.0,0.0,0.0
9,94398545,94398627,0.0,0.0,0.0,0.17515300000000095
9,95054739,95054829,3.0178829999999945,2.240477999999997,2.0745289999999996,0.35030500000000037
9,96581638,96581703,0.0,0.0,0.0,0.0
9,96938238,96938318,7830.976114999987,7868.557450999977,14233.084225999972,5973.0520800000295
9,96938628,96938715,25.00531899999996,34.95145099999993,25.93161300000006,14.887965999999917
9,96941115,96941202,394.9115900000015,468.9319689999986,565.3091549999992,401.09932700000223
9,97572243,97572339,0.0,0.0,0.25931599999999894,0.17515300000000095
9,97847489,97847586,1454.619765000004,1150.9333610000024,4054.148319000018,1638.9023609999992
9,97847726,97847823,1476.3916380000007,2799.0287080000126,7038.098985000023,2834.6687839999895
9,97848295,97848376,5.173513999999986,1.5683339999999946,3.111793999999991,19.0916269999999
9,97848302,97848370,35.13678400000002,59.14861000000015,109.69072100000021,26.79833899999995
9,100125835,100125963,0.0,0.0,0.0,0.0
9,111808508,111808578,26.945387000000064,31.590735000000013,53.678438000000035,44.66389899999992
9,112273754,112273825,0.0,0.0,0.0,0.875763000000004
9,116971713,116971809,663.072079999999,652.6511349999968,631.9533999999987,904.3125880000006
9,125873824,125873922,0.0,0.0,0.0,0.0
9,126164803,126164882,0.0,0.0,0.0,0.0
9,127454720,127454830,1020.4756920000044,1587.3784039999973,189.56008799999924,1123.0781169999977
9,127455988,127456077,23.065250999999993,43.2412180000001,1.0372649999999988,7.706711999999979
9,130452965,130453074,0.0,0.4480960000000012,0.25931599999999894,1.4012200000000015
9,130548196,130548286,0.0,0.0,0.0,0.0
9,131006999,131007109,1675.1408109999973,4620.537024999996,517.8543039999985,3681.7064900000087
9,131007225,131007309,0.0,0.0,0.0,0.17515300000000095
9,137741332,137741410,0.0,0.0,0.0,0.17515300000000095
9,137741970,137742118,0.0,0.0,0.0,0.17515300000000095
9,139565053,139565138,3122.6469940000065,2647.1243249999948,2308.1728400000093,1521.725309000001
9,139725408,139725475,0.0,0.0,0.0,0.0
9,140063637,140063722,0.0,0.0,0.0,0.0
9,140732870,140732968,0.0,0.0,0.0,0.0
10,12767252,12767352,0.0,0.0,0.7779479999999983,0.0
10,14425198,14425276,0.0,0.0,0.0,0.0
10,14478574,14478660,0.0,0.0,0.0,0.0
10,21785490,21785570,0.21556300000000003,0.0,0.0,0.0
10,24564613,24564710,0.0,0.0,0.0,0.17515300000000095
10,29833932,29834026,0.0,0.0,0.0,0.0
10,29891192,29891275,0.0,0.0,0.0,0.0
10,35368525,35368608,0.0,0.2240480000000006,0.0,0.0
10,45659461,45659536,0.0,0.0,0.0,0.0
10,50193556,50193632,0.0,0.0,0.0,0.0
10,53059332,53059415,0.21556300000000003,0.2240480000000006,0.0,0.0
10,56367633,56367717,0.6466889999999984,0.0,0.0,1.9266779999999948
10,59064238,59064319,0.0,0.0,0.0,0.0
10,65132716,65132808,2.586756999999993,6.4973849999999915,5.44563900000002,9.283085000000025
10,77312215,77312311,0.0,0.0,0.0,0.0
10,88024450,88024545,0.21556300000000003,0.2240480000000006,0.0,0.35030500000000037
10,91352503,91352584,60.788792999999856,34.727402999999924,43.824424999999856,89.67810299999984
10,97824071,97824156,0.6466889999999984,0.4480960000000012,1.0372649999999988,0.7006100000000007
10,98588425,98588521,0.21556300000000003,1.1202389999999984,0.7779479999999983,0.0
10,100154974,100155064,16.38279499999999,17.251678000000048,3.8897419999999965,9.45823700000003
10,102734741,102734841,0.0,0.0,0.0,0.0
10,103361173,103361254,0.21556300000000153,0.1120240000000003,0.25931599999999894,0.26272900000000016
10,104196268,104196341,1163.1784610000025,1265.869863,342.55660299999914,1194.7155079999957
10,105154009,105154158,2524.2438420000076,2401.567976000006,1157.587188000003,1482.6662909999952
10,105807846,105807944,0.0,0.0,0.5186319999999979,0.0
10,105978546,105978641,0.0,0.0,0.0,0.0
10,112748683,112748771,1.0778149999999966,0.672143000000002,0.5186319999999979,0.35030500000000037
10,114393928,114394013,0.0,0.0,0.0,0.0
10,115933863,115933938,2.8023200000000057,1.3442870000000027,2.0745289999999996,1.2260679999999984
10,118927188,118927285,0.0,0.0,0.0,0.0
10,124176480,124176583,1.0778149999999966,0.2240480000000006,0.7779479999999983,0.5254580000000003
10,126721351,126721439,0.0,0.0,0.0,0.0
10,131641562,131641638,0.0,0.0,0.0,0.0
10,132760850,132760931,5.8202039999999915,3.360716000000013,5.704955000000017,1.9266779999999948
10,135061014,135061124,0.43112600000000006,0.672143000000002,0.0,0.35030500000000037
10,135185059,135185167,0.6466889999999984,0.0,0.0,0.5254580000000003
11,568088,568198,1383.915069999996,659.1485200000017,1889.3772960000017,3201.9636700000005
11,1880693,1880766,0.0,0.0,0.0,0.0
11,2017988,2018061,7.329145000000002,6.7214330000000055,11.409910000000034,130.83895100000058
11,2155363,2155439,2.3711940000000022,25.3173969999999,1.2965810000000029,3.3278980000000042
11,7255996,7256068,0.0,0.0,0.0,0.0
11,11678197,11678269,0.0,0.0,0.0,0.0
11,18409333,18409407,0.0,0.0,0.0,0.0
11,28078361,28078457,0.0,0.0,0.0,0.0
11,43581205,43581303,0.0,0.0,0.0,0.0
11,43602943,43603033,0.43112600000000006,0.4480960000000012,0.25931599999999894,4.203661000000009
11,46473354,46473439,0.0,0.0,0.0,0.0
11,46473356,46473437,0.0,0.0,0.0,0.0
11,48118333,48118410,0.0,0.0,0.25931599999999894,3.678203000000018
11,57408670,57408759,100.2368389999997,137.5653270000002,59.38339300000006,214.56186699999915
11,59362549,59362631,0.0,0.0,0.0,0.0
11,61559966,61560033,0.0,0.0,0.0,0.0
11,61582632,61582712,0.0,0.0,0.0,0.0
11,64136073,64136175,0.43112600000000006,0.2240480000000006,0.0,0.17515300000000095
11,64658608,64658718,380.03773599999886,163.10677199999944,244.79442299999954,396.01990400000057
11,64658826,64658911,81.26728700000014,55.11575000000012,45.63963799999987,99.83695000000047
11,65211928,65212028,0.43112600000000006,0.0,0.0,0.0
11,66701904,66701977,0.0,0.0,0.0,0.0
11,68850643,68850726,0.0,0.0,0.0,0.0
11,70130060,70130176,0.21556300000000003,0.672143000000002,0.5186319999999979,0.35030500000000037
11,70718374,70718473,0.0,0.4480960000000012,0.0,0.35030500000000037
11,71783273,71783348,0.0,0.0,0.0,0.0
11,72326106,72326174,68.54906400000012,52.203129000000125,24.116399999999917,29.775932999999917
11,75046135,75046230,4.526825000000001,1.5683339999999946,1.8152129999999953,3.678203000000018
11,79113065,79113153,236.4727150000005,749.4397690000009,499.4428590000013,385.68590300000056
11,81601782,81601878,0.0,0.0,0.0,0.0
11,87909669,87909761,0.21556300000000003,0.2240480000000006,0.25931599999999894,0.17515300000000095
11,90602288,90602370,0.0,0.0,0.0,0.0
11,93466839,93466930,0.21556300000000003,0.672143000000002,0.25931599999999894,1.050915000000003
11,94199660,94199746,0.21556300000000003,0.0,0.0,0.0
11,96074601,96074690,0.0,0.0,0.0,0.35030500000000037
11,101390550,101390636,0.43112600000000006,0.672143000000002,0.5186319999999979,0.17515300000000095
11,111383662,111383746,6.682456,3.1366689999999933,5.18632300000001,0.5254580000000003
11,111384163,111384240,35.56791100000007,7.617623999999983,14.521702999999937,13.661897999999962
11,113320744,113320810,0.0,0.0,0.0,0.0
11,118889653,118889722,0.21556300000000003,0.0,0.0,0.0
11,121970464,121970552,483.9391480000002,1005.75041,50.82596099999982,600.0726180000022
11,122017229,122017301,15687.173112000013,15655.561515000023,28569.116953000037,11981.134670000045
11,122022936,122023016,1265.1398050000046,3364.749310999995,187.48555900000045,3509.1812340000106
11,126858353,126858438,0.0,0.0,0.0,0.0
12,1769480,1769546,0.0,0.0,0.0,0.0
12,7072861,7072929,15360.163896999975,16871.020632000025,12487.36806300002,7381.453692999972
12,7073259,7073354,2197.019063999994,2232.635962,1420.533740000006,1888.1444320000007
12,9392062,9392147,0.0,0.0,0.0,0.0
12,12264885,12264970,0.0,0.0,0.0,0.0
12,12917582,12917677,0.0,0.0,0.0,0.0
12,13068762,13068852,0.0,0.0,0.0,0.0
12,24365354,24365429,0.0,0.0,0.0,0.0
12,26026952,26027012,0.0,0.0,0.0,0.0
12,49048226,49048313,1.0778149999999966,0.4480960000000012,1.0372649999999988,0.0
12,50627924,50627995,21.125183000000074,17.475726000000012,11.669225999999984,3.1527459999999876
12,54385521,54385631,3.0178829999999945,5.377146000000015,9.076064000000018,30.826847999999917
12,54427733,54427829,1.0778149999999966,2.4645249999999934,2.0745289999999996,11.38491500000005
12,54730999,54731098,122.00871200000003,93.87601299999966,115.65499199999981,111.0467129999998
12,57588286,57588359,1.7245049999999982,0.8961909999999984,0.25931599999999894,1.2260679999999984
12,57912945,57913042,4.095699,0.672143000000002,4.927006000000005,2.276982999999987
12,58218391,58218475,1631.8126289999946,1421.5830589999973,2128.7260810000002,1467.2528670000024
12,62997465,62997549,850.1808469999995,1004.6301709999977,338.9261770000008,473.437328
12,65016288,65016385,0.0,0.0,0.0,0.0
12,69666936,69666998,0.0,0.0,0.0,0.0
12,69978501,69978603,2.8023200000000057,4.705003000000008,2.593161000000006,4.553965999999974
12,69978502,69978602,0.0,0.0,0.0,0.0
12,79813036,79813101,0.0,0.0,0.0,0.0
12,81226311,81226408,0.0,0.0,0.25931599999999894,0.0
12,81329514,81329612,0.21556300000000003,0.8961909999999984,1.5558969999999954,0.875763000000004
12,95228173,95228289,0.0,0.0,0.0,0.0
12,95702195,95702289,17.460610999999975,22.852871999999966,28.26545799999993,22.769830999999957
12,95703698,95703760,0.0,0.0,0.0,0.0
12,97885686,97885756,0.0,0.0,0.0,0.17515300000000095
12,97957589,97957689,0.6466889999999984,0.0,0.0,0.0
12,98389160,98389226,0.0,0.0,0.0,0.0
12,100583661,100583727,0.0,0.0,0.0,0.0
12,104324202,104324333,1.5089419999999962,0.4480960000000012,0.5186319999999979,0.5254580000000003
12,104985410,104985494,1.5089419999999962,1.5683339999999946,0.0,0.17515300000000095
12,109230683,109230782,0.0,0.0,0.0,0.0
12,112475402,112475519,0.21556300000000003,0.0,0.0,0.0
12,113132838,113132981,0.0,0.0,0.0,0.0
12,116586364,116586459,0.0,0.0,0.0,0.0
12,120151438,120151529,0.0,0.0,0.0,0.0
12,123495213,123495275,0.0,0.0,0.0,0.0
12,124020955,124021081,0.0,0.0,0.0,0.0
12,128778636,128778723,0.0,0.0,0.0,0.0
13,24736554,24736643,0.0,0.0,0.0,0.0
13,40238170,40238272,0.0,0.0,0.0,0.0
13,41301963,41302011,0.0,0.2240480000000006,1.2965810000000029,0.17515300000000095
13,41384901,41384997,0.0,0.0,0.0,0.0
13,41675154,41675236,0.0,0.0,0.0,0.0
13,50570550,50570637,13.364912,24.64525400000002,55.752967000000176,14.362509000000035
13,50623108,50623197,471.2209260000002,766.9154939999997,1540.3377899999966,321.05461399999984
13,50623254,50623337,248.54424899999927,340.3285529999995,276.69030699999945,198.09752799999907
13,53384184,53384275,0.0,0.0,0.0,0.0
13,54886106,54886183,0.0,0.0,0.0,0.0
13,61773931,61774014,0.0,0.0,0.0,0.0
13,78272146,78272251,0.0,0.0,0.0,0.0
13,90883435,90883531,0.0,0.0,0.0,0.0
13,92002858,92002942,1371.4124099999967,910.5301100000011,1096.6478979999977,1010.805335999997
13,92003004,92003075,26.729824,38.53621500000007,29.30272200000001,47.641492000000085
13,92003144,92003226,61.86660800000013,51.979081000000086,30.599302999999967,100.53756100000001
13,92003318,92003389,716.3161649999975,542.1955869999986,531.0794270000002,601.1235339999992
13,92003445,92003532,11.209280999999969,6.7214330000000055,13.484438999999998,11.910373000000021
13,92003567,92003645,848.2407790000009,784.6152669999997,916.4231900000012,597.6204830000027
13,98860777,98860854,0.21556300000000003,0.4480960000000012,0.7779479999999983,2.1018310000000033
13,100008384,100008482,0.0,0.0,0.0,0.0
13,100295312,100295403,0.0,0.0,0.0,0.0
13,108183518,108183596,0.0,0.0,0.0,0.0
14,23857804,23857875,0.0,0.0,0.0,0.0
14,23887195,23887272,0.0,0.0,0.0,0.0
14,27377847,27377931,0.0,0.0,0.0,0.0
14,28102410,28102484,0.0,0.0,0.0,0.0
14,31483851,31483948,1.5089419999999962,2.016430000000009,2.593161000000006,1.5763729999999938
14,48230197,48230307,0.0,0.0,0.0,3.8533559999999896
14,55344830,55344911,0.0,0.0,0.0,0.0
14,64561741,64561843,0.0,0.0,0.0,0.0
14,65937819,65937904,130.63123600000003,139.8058039999997,68.20014099999986,332.0892250000018
14,95604255,95604323,0.0,0.0,0.5186319999999979,0.5254580000000003
14,100575991,100576090,269.4538689999997,252.50182900000055,106.57892800000022,203.17695200000097
14,100774195,100774293,13.364912,10.754292999999974,4.927006000000005,28.374711999999885
14,101318726,101318824,0.0,0.0,0.0,0.0
14,101335396,101335485,8.622524000000032,40.32859699999991,4.667689999999994,46.76572900000007
14,101340829,101340922,7.113581999999974,56.235989000000025,5.44563900000002,36.78203399999989
14,101341369,101341441,0.43112600000000006,0.672143000000002,0.0,0.17515300000000095
14,101347343,101347457,4.311262000000016,22.40477599999994,1.2965810000000029,59.20155999999994
14,101348222,101348315,0.43112600000000006,2.240477999999997,0.0,4.378814000000011
14,101349315,101349412,346.8410199999999,1630.619622000002,119.28541799999975,1080.5160479999968
14,101350819,101350913,3.4490099999999964,21.284537999999973,1.2965810000000029,38.883864999999844
14,101351038,101351120,52.381831999999974,70.12694999999988,3.6304259999999906,84.07322100000002
14,101377475,101377550,3.0178829999999945,15.907391000000038,1.5558969999999954,24.34620400000006
14,101488402,101488469,356.54135900000097,1487.2290529999948,161.55394700000028,1310.6664919999948
14,101489661,101489757,4.311262000000016,13.442866000000011,2.593161000000006,11.735220000000023
14,101490130,101490193,2.155631000000008,11.20238799999997,1.0372649999999988,9.808543000000046
14,101491353,101491414,0.43112600000000006,0.8961909999999984,0.0,4.904271000000002
14,101491900,101491988,0.0,0.0,0.0,0.0
14,101492356,101492444,10.131464999999988,38.31216800000013,3.111793999999991,54.12213599999996
14,101493121,101493201,0.21556300000000003,0.8961909999999984,0.5186319999999979,1.751525000000001
14,101493436,101493520,0.0,0.2240480000000006,0.0,3.1527459999999876
14,101495970,101496051,0.21556300000000003,10.30619700000005,0.25931599999999894,3.8533559999999896
14,101496388,101496466,0.0,0.0,0.0,0.0
14,101498323,101498401,0.8622520000000001,3.360716000000013,0.0,3.5030510000000183
14,101500091,101500173,4.957950999999987,22.40477599999994,1.0372649999999988,15.238271000000058
14,101506026,101506092,3.2334460000000016,15.68334300000002,2.0745289999999996,13.661897999999962
14,101506405,101506485,0.0,3.8088119999999916,0.0,1.2260679999999984
14,101506555,101506636,8.838087000000014,29.79835300000007,4.408373999999989,44.66389899999992
14,101506772,101506872,0.43112600000000006,9.185958000000022,0.25931599999999894,5.079424000000012
14,101507118,101507186,1.0778149999999966,4.929050999999984,0.5186319999999979,2.62728800000001
14,101507699,101507782,0.0,0.0,0.0,0.0
14,101509313,101509399,0.43112600000000006,0.8961909999999984,0.0,1.2260679999999984
14,101510534,101510620,0.0,0.4480960000000012,0.0,0.0
14,101512256,101512331,47.63944400000015,67.88647200000011,8.298115999999998,102.46423900000049
14,101512791,101512875,5.173513999999986,11.20238799999997,0.7779479999999983,11.38491500000005
14,101513657,101513735,4.526825000000001,15.011199999999953,2.593161000000006,6.130339000000029
14,101514237,101514316,11.209280999999969,50.85884199999983,4.927006000000005,46.94088200000011
14,101515886,101515983,0.6466889999999984,10.754292999999974,0.25931599999999894,7.006102000000037
14,101518782,101518862,0.6466889999999984,4.480954999999995,0.0,4.904271000000002
14,101520642,101520718,11.424843999999954,58.476466000000066,1.2965810000000029,39.234169999999885
14,101521023,101521096,113.81731399999993,857.2067429999994,74.42372799999987,438.7571250000001
14,101521594,101521660,0.0,0.0,0.0,0.0
14,101521755,101521828,1.5089419999999962,15.459295999999997,1.0372649999999988,14.537660999999959
14,101522555,101522637,1.2933789999999956,2.4645249999999934,1.2965810000000029,7.881865000000012
14,101526091,101526175,5.389077000000013,15.459295999999997,0.5186319999999979,18.04071199999999
14,101526909,101527011,1.2933789999999956,5.377146000000015,0.25931599999999894,8.407322000000018
14,101528386,101528455,2.3711940000000022,12.32262700000001,0.25931599999999894,7.531559000000011
14,101530831,101530915,0.0,1.1202389999999984,0.5186319999999979,2.276982999999987
14,101531636,101531715,13.14934900000001,93.65196499999962,6.223586999999979,56.39911899999982
14,101531783,101531874,0.6466889999999984,43.91336200000006,1.8152129999999953,16.289186999999952
14,101531934,101532004,6.682456,27.109778999999993,1.8152129999999953,38.708711999999856
14,101532248,101532328,4.957950999999987,15.011199999999953,0.7779479999999983,55.873661999999975
14,101533060,101533138,1.0778149999999966,3.5847639999999936,0.25931599999999894,2.276982999999987
14,102026623,102026759,48.28613299999983,49.29050800000004,147.81019200000054,15.938881999999948
14,103005980,103006063,0.0,0.0,0.0,0.0
15,21038123,21038198,0.0,0.0,0.0,0.0
15,22049273,22049348,0.0,0.0,0.0,0.0
15,31357234,31357344,0.0,0.0,0.0,0.875763000000004
15,34674269,34674351,0.0,0.0,0.0,0.0
15,34820490,34820572,0.0,0.0,0.0,0.0
15,35664456,35664565,0.6466889999999984,0.672143000000002,0.5186319999999979,0.875763000000004
15,41983782,41983876,0.0,0.0,0.0,0.0
15,42158692,42158749,0.0,0.0,0.0,0.0
15,42491767,42491864,0.8622520000000001,1.1202389999999984,4.149057999999999,3.1527459999999876
15,44085856,44085957,0.0,0.0,0.0,0.0
15,45725247,45725327,1.2933789999999956,2.016430000000009,1.8152129999999953,0.5254580000000003
15,52569313,52569397,3.0178829999999945,1.1202389999999984,0.5186319999999979,0.17515300000000095
15,55665137,55665232,10.131464999999988,8.065718999999964,9.33538100000003,6.305491999999975
15,59463381,59463461,0.8622520000000001,0.4480960000000012,0.5186319999999979,0.5254580000000003
15,64163128,64163218,0.0,0.0,0.0,0.0
15,65054585,65054714,0.0,0.0,0.0,0.0
15,66332570,66332670,0.0,0.0,0.0,0.0
15,69094188,69094264,0.0,0.0,0.0,0.0
15,70371710,70371807,132.35574000000008,85.58624600000032,252.05527499999934,209.83274900000058
15,72879557,72879654,0.0,0.0,0.0,0.0
15,75645951,75646026,0.0,0.0,0.0,0.0
15,76054555,76054656,0.0,0.0,0.0,0.0
15,76878987,76879032,0.0,0.0,0.0,0.0
15,79502129,79502213,0.0,1.5683339999999946,0.0,1.9266779999999948
15,86313726,86313809,0.21556300000000003,0.0,0.0,1.4012200000000015
15,89151337,89151428,0.0,0.4480960000000012,0.0,0.0
15,89155055,89155165,0.43112600000000006,0.8961909999999984,0.5186319999999979,0.7006100000000007
15,89911247,89911337,0.6466889999999984,0.8961909999999984,7.260851999999981,1.9266779999999948
15,90549986,90550073,0.21556300000000003,0.4480960000000012,0.25931599999999894,0.35030500000000037
15,93447628,93447705,0.0,0.0,0.0,0.0
15,96876489,96876536,0.0,0.0,0.0,0.0
15,102500661,102500799,0.0,0.0,0.0,0.0
16,593276,593366,0.43112600000000006,0.0,0.0,0.0
16,820182,820277,0.0,0.0,0.0,0.0
16,1784985,1785067,0.0,0.0,0.0,0.0
16,2140195,2140285,0.0,0.0,0.0,0.17515300000000095
16,2185977,2186130,0.0,0.0,0.0,0.0
16,2320713,2320773,4.095699,2.4645249999999934,6.223586999999979,3.1527459999999876
16,2321747,2321841,3.0178829999999945,1.7923819999999968,4.408373999999989,2.802441000000001
16,2581922,2582006,0.0,0.0,0.25931599999999894,0.0
16,11400296,11400384,0.0,0.0,0.0,0.0
16,14397823,14397906,276.3518879999995,225.39204999999998,309.62345500000066,134.34200200000043
16,14995364,14995448,0.0,0.0,0.0,0.0
16,15005076,15005170,0.0,0.0,0.0,0.0
16,15104177,15104254,0.0,0.0,0.0,0.0
16,15248706,15248859,0.0,0.0,0.0,0.17515300000000095
16,15737150,15737229,90.96762599999977,76.6243350000003,78.31346999999968,79.51925499999966
16,16394015,16394099,0.0,0.0,0.0,0.0
16,16403735,16403823,0.0,0.0,0.0,0.0
16,18496034,18496128,0.0,0.0,0.0,0.17515300000000095
16,18505750,18505834,0.0,0.0,0.0,0.0
16,26036557,26036631,0.0,0.0,0.0,0.0
16,30905223,30905306,0.0,0.0,0.0,0.0
16,50776215,50776288,0.0,0.0,0.0,0.0
16,56279431,56279535,0.0,0.0,0.0,0.0
16,56892429,56892513,0.8622520000000001,1.1202389999999984,1.2965810000000029,0.35030500000000037
16,67236223,67236298,15.951669000000027,10.53024499999997,6.482902999999994,25.572272000000076
16,69599710,69599771,0.43112600000000006,0.2240480000000006,0.25931599999999894,0.5254580000000003
16,69966983,69967083,1194.4351090000034,868.8572259999959,478.4382530000002,1117.6483880000012
16,70064248,70064325,0.0,0.0,0.0,0.0
16,83541950,83542013,0.0,0.0,0.0,0.0
16,85775226,85775306,0.6466889999999984,0.672143000000002,0.5186319999999979,1.751525000000001
17,925715,925799,0.0,0.0,0.0,0.0
17,1617196,1617281,112752.64803100002,106442.40381700014,51725.2690859998,104526.13442399997
17,1953201,1953302,127.61335200000022,104.18221000000021,68.71877300000004,77.41742499999975
17,1953564,1953674,5.604640000000011,4.929050999999984,3.3711099999999976,4.028508999999987
17,2651371,2651476,0.0,0.0,0.0,0.0
17,6920933,6921020,18.107300000000006,33.38311700000007,16.07760000000004,18.741321999999943
17,6921229,6921341,14.227163999999949,13.890961000000026,7.260851999999981,8.932780000000038
17,7126615,7126698,63.15998699999981,30.470495999999933,40.97194800000009,63.58037399999971
17,7991373,7991465,0.0,0.0,0.0,0.0
17,11985215,11985313,40.094736000000005,24.421205999999987,51.60390900000011,34.329899000000104
17,13446845,13446963,0.0,0.0,0.0,0.0
17,16185327,16185402,0.0,0.4480960000000012,0.0,0.875763000000004
17,17717149,17717245,3.664573000000009,0.672143000000002,7.5201680000000115,0.875763000000004
17,19247818,19247887,13.14934900000001,7.169527999999987,6.223586999999979,33.80444100000016
17,27188550,27188636,104.97922699999985,161.31438999999963,677.3337219999988,24.69650900000006
17,28444096,28444190,210.38958099999988,176.77368500000009,190.07872100000077,193.3684090000002
17,28444103,28444178,0.0,0.0,0.0,0.0
17,29887014,29887102,321.1890120000008,229.8730050000007,467.2876600000014,280.0689189999991
17,30677127,30677221,0.43112600000000006,0.0,0.0,0.17515300000000095
17,35391041,35391110,0.0,0.0,0.0,0.0
17,41522173,41522253,0.0,0.0,0.0,0.0
17,43552728,43552801,0.0,0.0,0.0,0.0
17,46114526,46114613,291.65686799999884,387.37858299999914,212.8985399999995,286.3744109999988
17,46233788,46233873,0.0,0.0,0.0,0.0
17,46657199,46657309,2498.591834000006,2167.662110999998,437.2069889999988,5807.357772999997
17,46709851,46709921,35.13678400000002,49.51455600000006,108.13482499999981,334.3662080000004
17,46801769,46801837,0.0,0.0,0.0,0.0
17,54968630,54968716,7.544707999999992,9.634054000000042,1.8152129999999953,1.751525000000001
17,56408592,56408679,3566.275843999999,1387.3037509999997,2102.2758359999916,827.0703159999981
17,57215118,57215233,13.14934900000001,20.388346000000066,8.298115999999998,8.582474999999977
17,57228496,57228582,10.778154999999982,17.475726000000012,11.409910000000034,23.29528799999999
17,57918626,57918698,374399.2525999994,439132.27197399864,188671.6712949993,443388.5081360004
17,61021575,61021673,0.0,0.0,0.0,0.0
17,62818147,62818220,0.0,0.0,0.0,0.0
17,64783189,64783286,0.0,0.0,0.0,0.0
17,65467604,65467701,0.0,0.1120240000000003,0.0,0.08757650000000047
17,66420591,66420689,0.0,0.0,0.0,0.0
17,72744751,72744838,13.364912,5.601193999999985,7.260851999999981,7.706711999999979
17,73402149,73402243,0.43112600000000006,0.2240480000000006,1.2965810000000029,0.17515300000000095
17,74732531,74732630,0.6466889999999984,0.0,0.0,0.17515300000000095
17,75393065,75393136,0.0,0.0,0.0,0.0
17,79099075,79099173,0.0,0.0,0.0,0.0
17,79099676,79099755,36.8612890000001,72.81552299999983,4.149057999999999,36.95718699999998
17,79099682,79099749,664.5810219999987,830.769107,80.3879990000001,321.05461399999984
17,79106995,79107108,0.0,0.0,0.0,0.0
17,79418129,79418214,0.0,0.0,0.0,0.17515300000000095
18,6374359,6374424,0.0,0.0,0.0,0.0
18,14830164,14830241,0.0,0.0,0.0,0.0
18,19263470,19263558,1.0778149999999966,0.672143000000002,1.2965810000000029,0.0
18,19405658,19405746,2.586756999999993,5.153098999999998,9.854012999999963,76.1913569999998
18,19408964,19409049,3.4490099999999964,6.7214330000000055,13.484438999999998,97.20966200000008
18,21901649,21901699,0.21556300000000003,0.0,0.5186319999999979,0.17515300000000095
18,27878875,27878926,0.0,0.0,0.0,0.0
18,33484780,33484889,10.131464999999988,97.46077700000015,42.00921199999995,78.11803499999984
18,33514050,33514105,0.0,0.0,0.0,0.0
18,35237097,35237178,0.0,0.0,0.0,0.0
18,37202086,37202139,0.0,0.0,0.0,0.0
18,42550046,42550131,0.0,0.0,0.0,0.0
18,47013742,47013792,0.0,0.0,0.0,0.0
18,47652868,47652933,0.0,0.0,0.0,0.0
18,56118305,56118390,0.0,0.0,0.0,0.0
19,71972,72110,0.0,0.0,0.0,0.0
19,813583,813653,0.21556300000000003,0.2240480000000006,0.25931599999999894,0.0
19,1816157,1816237,0.0,0.0,0.25931599999999894,0.0
19,2234060,2234148,0.0,0.2240480000000006,0.0,0.17515300000000095
19,2250637,2250717,0.0,0.0,0.0,0.0
19,3961411,3961510,0.0,0.0,0.0,0.0
19,4770681,4770791,1.0778149999999966,1.3442870000000027,0.0,0.7006100000000007
19,6416420,6416522,1.5089419999999962,1.5683339999999946,5.964271000000026,0.17515300000000095
19,10341088,10341161,0.0,0.0,0.0,0.0
19,10514133,10514214,0.21556300000000003,0.0,0.0,0.17515300000000095
19,10662797,10662880,0.0,0.0,0.0,0.0
19,10829079,10829179,0.0,0.0,0.0,0.0
19,10928101,10928172,742.1837360000026,2189.170695999991,216.01033299999915,1713.8676499999908
19,13947100,13947173,2571.4521599999907,2578.1176129999935,6900.661438000005,4537.151518999978
19,13947253,13947331,2065.525575999991,2907.243778000003,6287.378799000028,2667.7484089999934
19,13947400,13947473,4862.025607999997,2989.2452589999916,7593.55412700002,4792.699081000026
19,13985512,13985622,82.34510199999983,39.880501999999986,25.93161300000006,73.21376400000007
19,13985688,13985825,18.753988999999958,12.32262700000001,5.44563900000002,11.20976299999999
19,14640354,14640452,0.8622520000000001,0.672143000000002,0.0,0.35030500000000037
19,15560358,15560419,0.0,0.0,0.0,0.0
19,18392886,18392971,0.0,0.0,0.0,0.0
19,18497371,18497444,0.0,0.0,0.0,0.0
19,19545871,19545967,0.0,0.0,0.0,0.0
19,20510080,20510163,0.43112600000000006,0.4480960000000012,0.25931599999999894,2.1018310000000033
19,20579239,20579322,0.43112600000000006,0.4480960000000012,0.25931599999999894,1.2260679999999984
19,40788449,40788548,0.21556300000000003,0.0,0.25931599999999894,0.0
19,42637596,42637665,0.0,0.0,0.0,0.0
19,46142251,46142345,22.418561999999937,22.852871999999966,36.044942000000155,25.046814000000015
19,46178185,46178282,2.155631000000008,0.8961909999999984,4.927006000000005,1.2260679999999984
19,46178189,46178266,0.0,0.0,0.0,0.0
19,46522189,46522307,25.43644499999994,21.95668100000003,54.71570299999989,20.843152999999898
19,47212549,47212602,0.0,0.0,0.0,0.0
19,47730198,47730278,0.0,0.0,0.0,0.0
19,47730200,47730276,0.21556300000000003,0.2240480000000006,0.25931599999999894,0.35030500000000037
19,49812053,49812125,0.0,0.0,0.0,0.0
19,50004041,50004125,1086.869124999998,182.82297499999942,306.2523450000006,162.5415619999993
19,52195864,52195934,14280.83948000004,12014.113216999964,8211.504456000002,13862.798458000032
19,52196038,52196117,868.5037100000006,837.0424440000011,554.6771940000023,846.5122489999997
19,52196506,52196592,771.7158800000025,717.6249859999982,247.64690100000004,442.435328000002
19,52785049,52785146,1.0778149999999966,0.2240480000000006,1.5558969999999954,1.5763729999999938
19,54169932,54170016,0.43112600000000006,0.4480960000000012,0.5186319999999979,1.050915000000003
19,54172410,54172508,1.0778149999999966,0.4480960000000012,0.5186319999999979,0.875763000000004
19,54175221,54175294,0.43112600000000006,0.0,0.0,0.17515300000000095
19,54177450,54177574,0.6466889999999984,0.0,0.0,0.0
19,54178964,54179051,0.21556300000000003,0.2240480000000006,0.0,0.0
19,54182256,54182339,0.21556300000000003,0.2240480000000006,0.25931599999999894,0.17515300000000095
19,54183193,54183277,0.0,0.2240480000000006,0.0,0.0
19,54185412,54185499,0.6466889999999984,2.016430000000009,0.0,0.0
19,54188262,54188345,0.43112600000000006,0.0,0.0,0.17515300000000095
19,54189722,54189809,1.0778149999999966,0.2240480000000006,0.0,0.17515300000000095
19,54191734,54191821,0.0,0.0,0.0,0.0
19,54194134,54194219,1.0778149999999966,0.672143000000002,0.0,0.5254580000000003
19,54197646,54197729,6.46689300000002,1.1202389999999984,1.0372649999999988,3.678203000000018
19,54198466,54198547,0.21556300000000003,0.0,0.0,0.35030500000000037
19,54200786,54200871,0.8622520000000001,0.2240480000000006,0.5186319999999979,0.875763000000004
19,54201638,54201725,0.21556300000000003,0.0,0.0,0.17515300000000095
19,54203268,54203355,0.8622520000000001,0.672143000000002,0.25931599999999894,0.7006100000000007
19,54204480,54204541,1.2933789999999956,0.2240480000000006,0.0,0.0
19,54205990,54206073,2.8023200000000057,0.8961909999999984,0.25931599999999894,0.35030500000000037
19,54209505,54209590,0.0,0.0,0.0,0.0
19,54210706,54210793,0.21556300000000003,0.2240480000000006,0.0,0.0
19,54211988,54212089,1.940067999999997,0.2240480000000006,0.0,0.5254580000000003
19,54214255,54214342,0.0,0.0,0.0,0.0
19,54215521,54215608,2.3711940000000022,0.4480960000000012,0.5186319999999979,0.7006100000000007
19,54216600,54216688,0.43112600000000006,0.0,0.0,0.0
19,54219847,54219934,0.0,0.0,0.0,0.17515300000000095
19,54223349,54223436,0.6466889999999984,0.0,0.0,0.5254580000000003
19,54224329,54224396,2.3711940000000022,0.4480960000000012,0.5186319999999979,0.7006100000000007
19,54225419,54225509,0.21556300000000003,1.3442870000000027,0.25931599999999894,1.2260679999999984
19,54228695,54228780,0.21556300000000003,0.4480960000000012,0.0,0.0
19,54230175,54230240,0.0,0.0,0.0,0.0
19,54233091,54233179,0.6466889999999984,0.2240480000000006,0.5186319999999979,0.35030500000000037
19,54234259,54234344,0.43112600000000006,0.0,0.25931599999999894,0.0
19,54238130,54238217,0.0,0.0,0.0,0.0
19,54240098,54240188,1.2933789999999956,0.672143000000002,0.0,0.17515300000000095
19,54242586,54242673,0.6466889999999984,0.2240480000000006,0.0,0.0
19,54244566,54244661,0.6466889999999984,0.0,0.0,0.0
19,54245765,54245853,0.21556300000000003,0.672143000000002,0.25931599999999894,0.5254580000000003
19,54251889,54251976,0.43112600000000006,0.0,0.0,0.0
19,54254464,54254551,0.21556300000000003,0.0,0.0,0.5254580000000003
19,54255650,54255735,3.2334460000000016,0.4480960000000012,0.0,4.203661000000009
19,54257271,54257356,0.6466889999999984,0.0,0.25931599999999894,0.0
19,54259994,54260084,0.6466889999999984,0.0,0.25931599999999894,1.050915000000003
19,54261485,54261572,0.0,0.0,0.0,0.17515300000000095
19,54264386,54264476,0.43112600000000006,1.1202389999999984,0.0,0.875763000000004
19,54265597,54265684,1.0778149999999966,0.0,0.0,0.17515300000000095
19,54291143,54291210,0.21556300000000003,0.2240480000000006,0.5186319999999979,0.0
19,54291958,54292027,0.0,0.0,0.0,0.875763000000004
19,54485560,54485651,1.5089419999999962,0.4480960000000012,0.7779479999999983,2.276982999999987
20,2633422,2633488,0.6466889999999984,1.1202389999999984,1.0372649999999988,0.7006100000000007
20,18451258,18451335,0.0,0.0,0.0,0.0
20,30194988,30195043,0.43112600000000006,0.4480960000000012,1.5558969999999954,0.17515300000000095
20,30825597,30825650,0.0,0.0,0.0,0.0
20,34041775,34041919,0.43112600000000006,0.0,0.0,0.0
20,43036759,43036843,0.21556300000000003,0.0,0.0,0.0
20,44333740,44333819,0.0,0.0,0.0,0.17515300000000095
20,45795608,45795700,0.43112600000000006,0.0,0.0,0.0
20,49202322,49202416,0.0,0.0,0.0,0.0
20,49231172,49231322,0.0,0.0,0.0,0.0
20,50069441,50069514,0.0,0.0,0.0,0.0
20,55896557,55896647,0.0,0.0,0.0,0.0
20,57392669,57392749,3.0178829999999945,4.032860000000018,4.667689999999994,19.9673899999999
20,57393280,57393368,0.0,0.0,0.0,0.0
20,58883531,58883625,0.0,0.0,0.0,0.0
20,60528601,60528718,0.0,0.0,0.0,0.0
20,60639857,60639941,0.0,0.0,0.0,0.0
20,61151512,61151583,0.0,0.0,0.0,0.5254580000000003
20,61162118,61162220,0.0,0.0,0.25931599999999894,3.678203000000018
20,61809851,61809938,0.0,0.0,0.0,0.0
20,61870130,61870194,0.0,0.0,0.0,0.0
20,61918159,61918218,7.113581999999974,28.005970000000087,9.076064000000018,0.0
20,62550801,62550873,0.0,0.0,0.0,0.0
20,62550913,62550985,0.0,0.0,0.0,0.0
20,62551108,62551180,0.0,0.0,0.0,0.0
20,62572817,62572897,0.21556300000000003,0.0,0.0,0.17515300000000095
20,62573983,62574079,0.0,0.0,0.0,0.0
21,9825831,9826011,11.855970000000026,1.1202389999999984,21.26392200000006,1.4012200000000015
21,9826202,9826263,1.2933789999999956,0.0,0.7779479999999983,0.0
21,14778704,14778781,0.0,0.0,0.0,0.0
21,15017095,15017171,0.0,0.0,0.0,0.0
21,17911408,17911489,275.489635,274.4585099999991,15.558967999999986,903.9622830000006
21,17912147,17912231,1279.7980950000035,1436.5942590000036,173.74180500000054,3156.949465999996
21,17962556,17962645,14.011600999999995,11.20238799999997,0.25931599999999894,51.494848000000154
21,20058407,20058482,0.0,0.0,0.0,0.17515300000000095
21,26946291,26946356,422.0725400000002,573.5622739999997,403.4958929999995,273.0628169999987
21,31747611,31747696,0.0,0.0,0.0,0.0
21,37093012,37093106,0.0,0.0,0.0,0.0
21,42539483,42539556,0.0,0.0,0.0,0.0
22,18463633,18463727,0.0,0.0,0.0,0.0
22,20020661,20020743,102.3924700000002,82.22552899999977,83.49979300000035,436.8304470000002
22,20073268,20073356,0.0,0.0,0.5186319999999979,0.0
22,20073580,20073665,5.389077000000013,4.256907999999989,2.852477000000008,25.221966000000048
22,20236656,20236734,0.0,0.0,0.0,0.7006100000000007
22,21388464,21388561,0.0,0.0,0.0,0.0
22,22007269,22007347,0.8622520000000001,1.1202389999999984,0.0,4.203661000000009
22,22007592,22007674,26.083134,30.246447999999937,17.633496999999952,64.10583100000026
22,23165269,23165365,0.0,0.0,0.0,0.0
22,26951177,26951289,0.0,0.0,0.5186319999999979,1.050915000000003
22,28316512,28316600,0.0,0.0,0.0,0.35030500000000037
22,28316513,28316599,0.43112600000000006,0.672143000000002,0.25931599999999894,0.35030500000000037
22,29729146,29729256,12.718223000000027,7.841672000000013,5.704955000000017,1.4012200000000015
22,31127543,31127628,1.2933789999999956,2.240477999999997,0.0,8.407322000000018
22,31556047,31556105,0.43112600000000006,0.2240480000000006,2.333844999999997,1.4012200000000015
22,35731632,35731751,0.21556300000000003,0.0,0.5186319999999979,1.2260679999999984
22,38240278,38240378,0.0,0.0,0.7779479999999983,0.0
22,38243684,38243781,1.7245049999999982,2.016430000000009,2.593161000000006,2.276982999999987
22,41488516,41488570,0.0,0.0,0.0,0.0
22,42296947,42297016,23.927504000000106,12.32262700000001,185.41102999999953,42.38691600000008
22,45596834,45596900,2.3711940000000022,6.2733370000000015,1.5558969999999954,3.1527459999999876
22,46486923,46487006,1.0778149999999966,0.2240480000000006,0.5186319999999979,0.0
22,46508628,46508702,7902.543063000004,7915.831529000008,14320.992391999996,6024.19662300001
22,46509565,46509648,18176.064606999982,15834.127583000005,28972.87216199998,12362.792065000018
22,48670175,48670227,0.0,0.0,0.0,0.0
22,49937040,49937114,0.0,0.0,0.5186319999999979,0.0
23,8095005,8095102,2.8023200000000057,8.737863000000006,5.704955000000017,4.729118999999993
23,20035205,20035305,0.21556300000000003,0.4480960000000012,1.2965810000000029,0.5254580000000003
23,32601772,32601869,0.0,0.0,0.0,0.0
23,32659590,32659676,0.0,0.0,0.0,0.0
23,39520469,39520575,0.0,0.0,0.0,0.0
23,45605584,45605694,384.99568800000094,502.53913299999874,966.989834999997,132.94078100000036
23,45606420,45606530,153.91204999999988,199.40250899999964,403.75520900000083,46.41542400000004
23,49767753,49767844,925.6279299999995,572.2179880000006,813.4746880000005,631.2497710000017
23,49768108,49768194,4.957950999999987,1.3442870000000027,4.408373999999989,4.729118999999993
23,49773038,49773122,327.87146699999926,355.33975300000014,393.9011959999995,179.7065109999996
23,49773571,49773636,17.460610999999975,15.907391000000038,10.63196100000003,10.684305000000029
23,49774329,49774413,47.423880999999895,60.940991999999866,52.38185799999999,36.95718699999998
23,49775279,49775358,7.544707999999992,6.7214330000000055,6.482902999999994,5.604880999999984
23,49777848,49777945,104.33253800000014,70.12694999999988,51.344592999999854,48.342102
23,49779205,49779291,11.640407000000039,10.978339999999946,8.557432000000004,8.582474999999977
23,53583183,53583302,43.112619000000194,45.257647999999854,79.350735,65.85735700000029
23,53584152,53584235,7037.919487999988,7865.644829999972,15821.395498999997,4331.522431000013
23,63005881,63005967,2.586756999999993,1.5683339999999946,4.149057999999999,2.276982999999987
23,65238711,65238821,1073.2886500000018,1405.003524,874.9326100000008,601.824143999999
23,69242706,69242773,0.6466889999999984,0.2240480000000006,0.5186319999999979,2.1018310000000033
23,73438211,73438296,2.586756999999993,1.1202389999999984,1.8152129999999953,8.757626999999971
23,73438381,73438453,51.51958000000009,81.32933799999968,62.23587000000026,57.27488199999983
23,73438383,73438453,0.0,0.0,0.0,0.0
23,73506938,73507044,0.43112600000000006,0.4480960000000012,0.25931599999999894,0.5254580000000003
23,73507120,73507192,886.3954470000002,1333.0841920000032,1950.8352179999943,867.3554019999963
23,76139697,76139785,0.0,0.0,0.0,0.0
23,76225828,76225926,0.0,0.0,0.0,0.0
23,78156690,78156746,0.0,0.0,0.0,0.0
23,83480759,83480836,0.0,0.0,0.0,0.0
23,85090784,85090863,0.0,0.0,0.0,0.0
23,85158640,85158712,452.46693599999855,504.331514999999,546.3790779999991,526.6837019999981
23,94318139,94318225,0.0,0.0,0.0,0.0
23,109298556,109298654,28.02320199999999,11.874530999999976,29.562038000000026,26.448034000000003
23,112023945,112024016,0.0,0.0,0.0,0.0
23,113873917,113874002,0.0,0.0,0.0,0.0
23,113886018,113886098,0.0,0.0,0.0,0.0
23,113887129,113887198,0.0,0.0,0.0,0.0
23,113949649,113949761,0.0,0.0,0.0,0.0
23,113997743,113997823,1.7245049999999982,0.0,0.0,3.3278980000000042
23,114058016,114058127,0.0,0.0,0.0,0.0
23,117520356,117520434,1.5089419999999962,2.240477999999997,7.260851999999981,2.1018310000000033
23,118780700,118780811,9.700338999999987,7.617623999999983,4.408373999999989,11.20976299999999
23,120504825,120504907,0.0,0.0,0.0,0.0
23,133303407,133303482,14.011600999999995,4.705003000000008,13.484438999999998,3.1527459999999876
23,133303567,133303642,12840.015753000029,10400.52122500002,22779.36580100003,12646.714339999959
23,133303700,133303796,216.20978399999947,241.2994410000003,214.97306899999975,211.58427400000056
23,133303838,133303907,37.723541999999945,12.098578999999978,13.484438999999998,7.356406999999991
23,133304070,133304141,0.43112600000000006,0.0,0.7779479999999983,0.17515300000000095
23,133304227,133304308,16.81392099999997,18.147868999999936,13.225122000000018,31.002000000000145
23,133674214,133674292,8.838087000000014,20.164299000000025,20.485974000000045,22.069221000000027
23,133674370,133674461,3.880135999999994,12.32262700000001,9.594696999999998,4.028508999999987
23,133674537,133674637,3.0178829999999945,10.978339999999946,5.18632300000001,3.678203000000018
23,133675370,133675467,109.07492599999988,353.32332299999865,248.4248490000001,203.70241000000001
23,133680357,133680428,6.898018999999984,10.30619700000005,5.44563900000002,10.333999999999994
23,133680643,133680741,44.837123999999875,90.96339199999979,237.53357200000025,89.67810299999984
23,135633036,135633119,2.8023200000000057,0.0,0.25931599999999894,1.4012200000000015
23,137749871,137749954,0.0,0.2240480000000006,0.25931599999999894,0.7006100000000007
23,139006306,139006390,34.70565799999992,41.89693199999988,40.45331600000007,33.45413600000009
23,140008336,140008384,0.0,0.2240480000000006,1.0372649999999988,0.0
23,145075792,145075869,0.0,0.0,0.0,0.0
23,145076301,145076378,0.0,0.0,0.0,0.0
23,145078186,145078261,0.0,0.0,0.0,0.0
23,145078715,145078792,0.0,0.0,0.0,0.0
23,145082570,145082649,0.0,0.0,0.0,0.0
23,145109311,145109390,4.7423880000000045,0.0,0.0,2.4521359999999968
23,146271221,146271305,0.0,0.0,0.25931599999999894,0.17515300000000095
23,146280561,146280645,0.0,0.0,0.0,0.0
23,146294980,146295109,0.0,0.0,0.0,0.0
23,146307343,146307470,0.0,0.0,0.0,0.0
23,146312237,146312361,0.0,0.0,0.25931599999999894,0.17515300000000095
23,146312501,146312595,0.0,0.0,0.0,0.0
23,146318430,146318545,3.0178829999999945,8.737863000000006,11.150593000000026,10.85945799999995
23,146331668,146331748,0.0,0.0,0.0,0.17515300000000095
23,146340277,146340368,0.43112600000000006,0.2240480000000006,1.0372649999999988,1.9266779999999948
23,146341169,146341244,0.21556300000000003,0.4480960000000012,2.333844999999997,2.4521359999999968
23,146342049,146342143,0.0,0.672143000000002,1.5558969999999954,2.1018310000000033
23,146353852,146353926,0.0,0.0,0.0,0.0
23,149396238,149396318,0.21556300000000003,0.4480960000000012,0.0,0.5254580000000003
23,150336693,150336798,0.0,0.0,0.0,0.0
23,151127049,151127130,204.1382510000001,281.17994300000066,439.80015000000026,52.54576300000007
23,151128099,151128184,249.83762700000062,183.0470229999994,500.48012399999936,118.92857799999938
23,151560690,151560771,0.0,81.32933799999968,0.5186319999999979,115.42552699999965
23,151561892,151562001,0.21556300000000003,145.40699799999962,0.25931599999999894,239.2583759999996
23,151562883,151562964,0.21556300000000003,70.3509979999999,0.5186319999999979,116.12613699999956
23,153246547,153246628,0.0,0.0,0.25931599999999894,0.0
23,153246548,153246627,0.0,0.0,0.0,0.0
23,153285370,153285440,0.0,0.0,0.0,0.0
23,154115634,154115733,0.0,0.0,0.0,0.0
23,154612748,154612847,0.0,0.0,0.0,0.0
23,154687177,154687276,0.0,0.0,0.0,0.0
